,id,stack_id,name,rowrange,depth,stackdesignation_id,stackdesignationpriority,maxheight,deletedon
0,5272677,5269539,QL1-16,"[0,6096)",0,,0,,
1,5272678,5269539,QL1-15,"[6096,12192)",0,,0,,
2,5272679,5269539,QL1-14,"[12192,18288)",0,,0,,
3,5272680,5269539,QL1-13,"[18288,24384)",0,,0,,
4,5272681,5269539,QL1-12,"[24384,30480)",0,,0,,
5,5272682,5269539,QL1-11,"[30480,36576)",0,,0,,
6,5272683,5269539,QL1-10,"[36576,42672)",0,,0,,
7,5272684,5269539,QL1-9,"[42672,48768)",0,,0,,
8,5272685,5269539,QL1-8,"[48768,54864)",0,,0,,
9,5272686,5269539,QL1-7,"[54864,60960)",0,,0,,
10,2350835,2350829,702-5,"[24400,30500)",0,,0,,
11,2350836,2350829,702-6,"[30500,36600)",0,,0,,
12,2350837,2350829,702-7,"[36600,42700)",0,,0,,
13,2350839,2350838,703-1,"[0,6100)",0,,0,,
14,2350840,2350838,703-2,"[6100,12200)",0,,0,,
15,2350841,2350838,703-3,"[12200,18300)",0,,0,,
16,2350842,2350838,703-4,"[18300,24400)",0,,0,,
17,2350843,2350838,703-5,"[24400,30500)",0,,0,,
18,2350844,2350838,703-6,"[30500,36600)",0,,0,,
19,2350845,2350838,703-7,"[36600,42700)",0,,0,,
20,2350847,2350846,704-1,"[0,6100)",0,,0,,
21,2350848,2350846,704-2,"[6100,12200)",0,,0,,
22,2350849,2350846,704-3,"[12200,18300)",0,,0,,
23,2350850,2350846,704-4,"[18300,24400)",0,,0,,
24,2350851,2350846,704-5,"[24400,30500)",0,,0,,
25,2350852,2350846,704-6,"[30500,36600)",0,,0,,
26,2350853,2350846,704-7,"[36600,42700)",0,,0,,
27,2350855,2350854,705-1,"[0,6100)",0,,0,,
28,2350856,2350854,705-2,"[6100,12200)",0,,0,,
29,2351082,2351074,106-8,"[42700,48800)",0,16549965.0,0,,
30,2351084,2351074,106-10,"[54900,61000)",0,16549965.0,0,,
31,2350881,2350880,709-1,"[0,6100)",0,18313050.0,0,,
32,2350860,2350854,705-6,"[30500,36600)",0,,0,,
33,2350861,2350854,705-7,"[36600,42700)",0,,0,,
34,2350864,2350862,706-4,"[18300,24400)",0,,0,,
35,5272687,5269539,QL1-6,"[60960,67056)",0,,0,,
36,2350866,2350862,706-6,"[30500,36600)",0,,0,,
37,2351634,2351632,210-11,"[6100,12200)",0,14553856.0,0,,
38,2351483,2351482,144-9,"[48800,54900)",0,,0,,
39,2351700,2351698,215-11,"[6100,12200)",0,15240975.0,0,,
40,2351485,2351482,144-11,"[61000,67100)",0,,0,,
41,2351486,2351482,144-12,"[67100,73200)",0,,0,,
42,2350857,2350854,705-3,"[12200,18300)",0,15316959.0,0,,
43,2351691,2351685,214-7,"[30500,36600)",0,12367494.0,0,,
44,2351313,2351307,124-10,"[54900,61000)",0,,0,,
45,2351312,2351307,124-9,"[48800,54900)",0,,0,,
46,2351315,2351307,124-12,"[67100,73200)",0,,0,,
47,2351484,2351482,144-10,"[54900,61000)",0,14553901.0,0,,
48,2350867,2350862,706-7,"[36600,42700)",0,,0,,
49,2350858,2350854,705-4,"[18300,24400)",0,15316959.0,0,,
50,2351800,2351790,222-4,"[48800,54900)",0,14606561.0,0,,
51,2351539,2351527,202-1,"[67100,73200)",0,,0,,
52,2350859,2350854,705-5,"[24400,30500)",0,15316959.0,0,,
53,2351416,2351408,135-12,"[67100,73200)",0,,0,,
54,2351314,2351307,124-11,"[61000,67100)",0,,0,,
55,2351488,2351487,199-12,"[0,6100)",0,,0,,
56,2351489,2351487,199-11,"[6100,12200)",0,,0,,
57,2351490,2351487,199-10,"[12200,18300)",0,,0,,
58,2350883,2350880,709-3,"[12200,18300)",0,18313050.0,0,,
59,2350885,2350880,709-5,"[24400,30500)",0,18313050.0,0,,
60,2351695,2351685,214-3,"[54900,61000)",0,12367494.0,0,,
61,2350891,2350888,710-3,"[12200,18300)",0,18313050.0,0,,
62,2351697,2351685,214-1,"[67100,73200)",0,12367494.0,0,,
63,2350911,2350905,712-6,"[30500,36600)",0,18313050.0,0,,
64,2351357,2351353,129-8,"[42700,48800)",0,,0,,
65,2350869,2350868,707-3,"[12200,18300)",0,18330216.0,0,,
66,2350871,2350868,707-5,"[24400,30500)",0,18330216.0,0,,
67,2350872,2350868,707-6,"[30500,36600)",0,18330216.0,0,,
68,2351358,2351353,129-9,"[48800,54900)",0,,0,,
69,2351359,2351353,129-10,"[54900,61000)",0,,0,,
70,2351360,2351353,129-11,"[61000,67100)",0,,0,,
71,2351643,2351632,210-2,"[61000,67100)",0,,0,,
72,2350941,2350937,716-4,"[18300,24400)",0,15699829.0,0,,
73,5272688,5269539,QL1-5,"[67056,73152)",0,,0,,
74,5272689,5269539,QL1-4,"[73152,79248)",0,,0,,
75,5272690,5269539,QL1-3,"[79248,85344)",0,,0,,
76,2350873,2350868,707-7,"[36600,42700)",0,18330216.0,0,,
77,2350875,2350874,708-3,"[12200,18300)",0,18330216.0,0,,
78,2350877,2350874,708-5,"[24400,30500)",0,18330216.0,0,,
79,2351631,2351619,209-1,"[67100,73200)",0,14069903.0,0,,
80,2350878,2350874,708-6,"[30500,36600)",0,18330216.0,0,,
81,2350879,2350874,708-7,"[36600,42700)",0,18330216.0,0,,
82,2351195,2351193,115-2,"[6100,12200)",0,18366782.0,0,,
83,2351812,2351804,223-5,"[42700,48800)",0,,0,,
84,2350915,2350913,713-2,"[6100,12200)",0,18313050.0,0,,
85,2350923,2350921,714-2,"[6100,12200)",0,18313050.0,0,,
86,2350954,2350953,718-1,"[0,6100)",0,,0,,
87,2350955,2350953,718-2,"[6100,12200)",0,,0,,
88,2350956,2350953,718-3,"[12200,18300)",0,,0,,
89,2350957,2350953,718-4,"[18300,24400)",0,,0,,
90,2350958,2350953,718-5,"[24400,30500)",0,,0,,
91,2350959,2350953,718-6,"[30500,36600)",0,,0,,
92,2350960,2350953,718-7,"[36600,42700)",0,,0,,
93,2351693,2351685,214-5,"[42700,48800)",0,12367494.0,0,,
94,2351282,2351272,121-10,"[54900,61000)",0,,0,,
95,5272691,5269539,QL1-2,"[85344,91440)",0,,0,,
96,5272692,5269539,QL1-1,"[91440,97536)",0,,0,,
97,2351280,2351272,121-8,"[42700,48800)",0,,0,,
98,2351554,2351553,204-12,"[0,6100)",0,17487479.0,0,,
99,2350826,2350821,701-5,"[24400,30500)",0,,0,,
100,2350828,2350821,701-7,"[36600,42700)",0,,0,,
101,2351556,2351553,204-10,"[12200,18300)",0,17487479.0,0,,
102,2351558,2351553,204-8,"[24400,30500)",0,17487479.0,0,,
103,2350925,2350921,714-4,"[18300,24400)",0,18313050.0,0,,
104,2350927,2350921,714-6,"[30500,36600)",0,18313050.0,0,,
105,2350948,2350945,717-3,"[12200,18300)",0,18313050.0,0,,
106,2351638,2351632,210-7,"[30500,36600)",0,15239753.0,0,,
107,2351703,2351698,215-8,"[24400,30500)",0,15240975.0,0,,
108,2351516,2351513,201-10,"[12200,18300)",0,18354098.0,0,,
109,2351541,2351540,203-12,"[0,6100)",0,,0,,
110,2351518,2351513,201-8,"[24400,30500)",0,18354098.0,0,,
111,2351542,2351540,203-11,"[6100,12200)",0,,0,,
112,2351621,2351619,209-11,"[6100,12200)",0,14069903.0,0,,
113,2351543,2351540,203-10,"[12200,18300)",0,,0,,
114,2351622,2351619,209-10,"[12200,18300)",0,14069903.0,0,,
115,2351544,2351540,203-9,"[18300,24400)",0,,0,,
116,2351623,2351619,209-9,"[18300,24400)",0,14069903.0,0,,
117,2351545,2351540,203-8,"[24400,30500)",0,,0,,
118,2351624,2351619,209-8,"[24400,30500)",0,14069903.0,0,,
119,2351546,2351540,203-7,"[30500,36600)",0,,0,,
120,2351709,2351698,215-2,"[61000,67100)",0,,0,,
121,2351547,2351540,203-6,"[36600,42700)",0,,0,,
122,2351548,2351540,203-5,"[42700,48800)",0,,0,,
123,2351549,2351540,203-4,"[48800,54900)",0,,0,,
124,2351550,2351540,203-3,"[54900,61000)",0,,0,,
125,2351551,2351540,203-2,"[61000,67100)",0,,0,,
126,2351197,2351193,115-4,"[18300,24400)",0,18366782.0,0,,
127,2351203,2351193,115-10,"[54900,61000)",0,18366782.0,0,,
128,2351327,2351326,126-5,"[24400,30500)",0,,0,,
129,2351328,2351326,126-6,"[30500,36600)",0,,0,,
130,2351329,2351326,126-7,"[36600,42700)",0,,0,,
131,2351331,2351326,126-9,"[48800,54900)",0,,0,,
132,2351704,2351698,215-7,"[30500,36600)",0,15240975.0,0,,
133,2351705,2351698,215-6,"[36600,42700)",0,15240975.0,0,,
134,2351333,2351326,126-11,"[61000,67100)",0,,0,,
135,2351063,2351061,105-2,"[6100,12200)",0,,0,,
136,2351706,2351698,215-5,"[42700,48800)",0,15240975.0,0,,
137,2351320,2351316,125-7,"[36600,42700)",0,15432743.0,0,,
138,2351043,2351034,103-8,"[42700,48800)",0,15530777.0,0,,
139,2351045,2351034,103-10,"[54900,61000)",0,15530777.0,0,,
140,2351023,2351021,102-2,"[6100,12200)",0,14030547.0,0,,
141,2351025,2351021,102-4,"[18300,24400)",0,14030547.0,0,,
142,2351027,2351021,102-6,"[30500,36600)",0,14030547.0,0,,
143,2351047,2351034,103-12,"[67100,73200)",0,15530777.0,0,,
144,2351322,2351316,125-9,"[48800,54900)",0,,0,,
145,2350971,2350970,720-1,"[0,6100)",0,5455713.0,0,,
146,2351029,2351021,102-8,"[42700,48800)",0,14030547.0,0,,
147,2350972,2350970,720-2,"[6100,12200)",0,5455713.0,0,,
148,2350973,2350970,720-3,"[12200,18300)",0,5455713.0,0,,
149,2350974,2350970,720-4,"[18300,24400)",0,5455713.0,0,,
150,2350975,2350970,720-5,"[24400,30500)",0,5455713.0,0,,
151,2350943,2350937,716-6,"[30500,36600)",0,15699829.0,0,,
152,2350979,2350978,721-5,"[24400,30500)",0,5456154.0,0,,
153,2351376,2351371,131-9,"[48800,54900)",0,16536109.0,0,,
154,2352043,2352035,981-3,"[42700,48800)",0,13818230.0,0,,
155,2350831,2350829,702-1,"[0,6100)",0,,0,,
156,2352044,2352035,981-2,"[48800,54900)",0,13818230.0,0,,
157,2352045,2352035,981-1,"[54900,61000)",0,13818230.0,0,,
158,2352059,2352058,983-10,"[0,6100)",0,13818559.0,0,,
159,2352060,2352058,983-9,"[6100,12200)",0,13818559.0,0,,
160,2352064,2352058,983-5,"[30500,36600)",0,13818559.0,0,,
161,2352074,2352069,984-6,"[24400,30500)",0,13818559.0,0,,
162,2350980,2350978,721-6,"[30500,36600)",0,5456154.0,0,,
163,2352075,2352069,984-5,"[30500,36600)",0,13818559.0,0,,
164,2352076,2352069,984-4,"[36600,42700)",0,13818559.0,0,,
165,2352078,2352069,984-2,"[48800,54900)",0,13818559.0,0,,
166,2352079,2352069,984-1,"[54900,61000)",0,13818559.0,0,,
167,2351065,2351061,105-4,"[18300,24400)",0,,0,,
168,2351574,2351566,205-5,"[42700,48800)",0,13592782.0,0,,
169,2351067,2351061,105-6,"[30500,36600)",0,,0,,
170,2351687,2351685,214-11,"[6100,12200)",0,12367494.0,0,,
171,2351069,2351061,105-8,"[42700,48800)",0,,0,,
172,2350824,2350821,701-3,"[12200,18300)",0,,0,,
173,2350882,2350880,709-2,"[6100,12200)",0,18313050.0,0,,
174,2350825,2350821,701-4,"[18300,24400)",0,,0,,
175,2351578,2351566,205-1,"[67100,73200)",0,13592782.0,0,,
176,2350827,2350821,701-6,"[30500,36600)",0,,0,,
177,2350886,2350880,709-6,"[30500,36600)",0,18313050.0,0,,
178,2350832,2350829,702-2,"[6100,12200)",0,,0,,
179,2350922,2350921,714-1,"[0,6100)",0,18313050.0,0,,
180,2350833,2350829,702-3,"[12200,18300)",0,,0,,
181,2350950,2350945,717-5,"[24400,30500)",0,18313050.0,0,,
182,2350834,2350829,702-4,"[18300,24400)",0,,0,,
183,2350951,2350945,717-6,"[30500,36600)",0,18313050.0,0,,
184,2350863,2350862,706-3,"[12200,18300)",0,,0,,
185,2350952,2350945,717-7,"[36600,42700)",0,18313050.0,0,,
186,2350865,2350862,706-5,"[24400,30500)",0,,0,,
187,8252805,8252394,DAMAGE,"[0,5000)",0,,0,,
188,2351089,2351087,107-2,"[6100,12200)",0,,0,,
189,2351091,2351087,107-4,"[18300,24400)",0,,0,,
190,2350870,2350868,707-4,"[18300,24400)",0,18330216.0,0,,
191,2351022,2351021,102-1,"[0,6100)",0,14030547.0,0,,
192,5273477,5270455,QL2-16,"[0,6096)",0,,0,,
193,2351097,2351087,107-10,"[54900,61000)",0,,0,,
194,5273478,5270455,QL2-15,"[6096,12192)",0,,0,,
195,2351099,2351087,107-12,"[67100,73200)",0,,0,,
196,2351336,2351335,127-5,"[24400,30500)",0,,0,,
197,2351218,2351206,116-12,"[67100,73200)",0,,0,,
198,2351338,2351335,127-7,"[36600,42700)",0,,0,,
199,2350876,2350874,708-4,"[18300,24400)",0,18330216.0,0,,
200,5273479,5270455,QL2-14,"[12192,18288)",0,,0,,
201,5273480,5270455,QL2-13,"[18288,24384)",0,,0,,
202,5273481,5270455,QL2-12,"[24384,30480)",0,,0,,
203,5273482,5270455,QL2-11,"[30480,36576)",0,,0,,
204,2351168,2351166,113-2,"[6100,12200)",0,,0,,
205,5273483,5270455,QL2-10,"[36576,42672)",0,,0,,
206,2351170,2351166,113-4,"[18300,24400)",0,,0,,
207,5273484,5270455,QL2-9,"[42672,48768)",0,,0,,
208,2351172,2351166,113-6,"[30500,36600)",0,,0,,
209,5273485,5270455,QL2-8,"[48768,54864)",0,,0,,
210,2351174,2351166,113-8,"[42700,48800)",0,,0,,
211,5273486,5270455,QL2-7,"[54864,60960)",0,,0,,
212,2351176,2351166,113-10,"[54900,61000)",0,,0,,
213,5273487,5270455,QL2-6,"[60960,67056)",0,,0,,
214,5273488,5270455,QL2-5,"[67056,73152)",0,,0,,
215,5273489,5270455,QL2-4,"[73152,79248)",0,,0,,
216,2351182,2351180,114-2,"[6100,12200)",0,,0,,
217,5273490,5270455,QL2-3,"[79248,85344)",0,,0,,
218,2351184,2351180,114-4,"[18300,24400)",0,,0,,
219,5273491,5270455,QL2-2,"[85344,91440)",0,,0,,
220,2351186,2351180,114-6,"[30500,36600)",0,,0,,
221,5273492,5270455,QL2-1,"[91440,97536)",0,,0,,
222,2351188,2351180,114-8,"[42700,48800)",0,,0,,
223,2351076,2351074,106-2,"[6100,12200)",0,16549965.0,0,,
224,2351190,2351180,114-10,"[54900,61000)",0,,0,,
225,2351192,2351180,114-12,"[67100,73200)",0,,0,,
226,2351689,2351685,214-9,"[18300,24400)",0,12367494.0,0,,
227,2351640,2351632,210-5,"[42700,48800)",0,15239753.0,0,,
228,2351642,2351632,210-3,"[54900,61000)",0,15239753.0,0,,
229,2351406,2351399,134-11,"[61000,67100)",0,14553703.0,0,,
230,2351407,2351399,134-12,"[67100,73200)",0,14553703.0,0,,
231,2351078,2351074,106-4,"[18300,24400)",0,16549965.0,0,,
232,2351577,2351566,205-2,"[61000,67100)",0,,0,,
233,2351080,2351074,106-6,"[30500,36600)",0,16549965.0,0,,
234,2351208,2351206,116-2,"[6100,12200)",0,,0,,
235,2351644,2351632,210-1,"[67100,73200)",0,15239753.0,0,,
236,2351221,2351219,117-2,"[6100,12200)",0,15428533.0,0,,
237,2351071,2351061,105-10,"[54900,61000)",0,15430882.0,0,,
238,2351093,2351087,107-6,"[30500,36600)",0,15544245.0,0,,
239,2351216,2351206,116-10,"[54900,61000)",0,,0,,
240,2351007,2350995,100-12,"[67100,73200)",0,16039254.0,0,,
241,2352118,2352114,988-7,"[18300,24400)",0,16536501.0,0,,
242,2352124,2352114,988-1,"[54900,61000)",0,16536501.0,0,,
243,2350910,2350905,712-5,"[24400,30500)",0,18313050.0,0,,
244,2351383,2351380,132-7,"[36600,42700)",0,16548862.0,0,,
245,2350926,2350921,714-5,"[24400,30500)",0,18313050.0,0,,
246,2351633,2351632,210-12,"[0,6100)",0,14553856.0,0,,
247,2351086,2351074,106-12,"[67100,73200)",0,16550228.0,0,,
248,2351814,2351804,223-3,"[54900,61000)",0,,0,,
249,2351310,2351307,124-7,"[36600,42700)",0,,0,,
250,2351231,2351219,117-12,"[67100,73200)",0,,0,,
251,2351234,2351232,118-2,"[6100,12200)",0,16802700.0,0,,
252,2351345,2351344,128-5,"[24400,30500)",0,16802751.0,0,,
253,2351346,2351344,128-6,"[30500,36600)",0,16802751.0,0,,
254,2351347,2351344,128-7,"[36600,42700)",0,16802751.0,0,,
255,2351641,2351632,210-4,"[48800,54900)",0,14553866.0,0,,
256,2351308,2351307,124-5,"[24400,30500)",0,15232498.0,0,,
257,2351309,2351307,124-6,"[30500,36600)",0,15232498.0,0,,
258,2350976,2350970,720-6,"[30500,36600)",0,5455713.0,0,,
259,2351769,2351764,220-8,"[24400,30500)",0,15233380.0,0,,
260,2350977,2350970,720-7,"[36600,42700)",0,5455713.0,0,,
261,2351593,2351592,207-12,"[0,6100)",0,,0,,
262,2351247,2351245,119-2,"[6100,12200)",0,,0,,
263,2351276,2351272,121-4,"[18300,24400)",0,,0,,
264,2351250,2351245,119-4,"[18300,24400)",0,,0,,
265,2350962,2350961,719-1,"[0,6100)",0,5456612.0,0,,
266,2350963,2350961,719-2,"[6100,12200)",0,5456612.0,0,,
267,2351348,2351344,128-8,"[42700,48800)",0,16802751.0,0,,
268,2351349,2351344,128-9,"[48800,54900)",0,16802751.0,0,,
269,2351256,2351245,119-10,"[54900,61000)",0,,0,,
270,2351520,2351513,201-6,"[36600,42700)",0,18354098.0,0,,
271,2351258,2351245,119-12,"[67100,73200)",0,,0,,
272,2350964,2350961,719-3,"[12200,18300)",0,5456612.0,0,,
273,2351770,2351764,220-7,"[30500,36600)",0,15233380.0,0,,
274,2350965,2350961,719-4,"[18300,24400)",0,5456612.0,0,,
275,2351771,2351764,220-6,"[36600,42700)",0,15233380.0,0,,
276,2351522,2351513,201-4,"[48800,54900)",0,18354098.0,0,,
277,2351772,2351764,220-5,"[42700,48800)",0,15233380.0,0,,
278,2350967,2350961,719-5,"[24400,30500)",0,5456612.0,0,,
279,2351773,2351764,220-4,"[48800,54900)",0,15233380.0,0,,
280,2352115,2352114,988-10,"[0,6100)",0,,0,,
281,2351710,2351698,215-1,"[67100,73200)",0,15240975.0,0,,
282,2350968,2350961,719-6,"[30500,36600)",0,5456612.0,0,,
283,2351229,2351219,117-10,"[54900,61000)",0,15428533.0,0,,
284,2351350,2351344,128-10,"[54900,61000)",0,16802751.0,0,,
285,2351525,2351513,201-2,"[61000,67100)",0,18354098.0,0,,
286,2352104,2352103,987-10,"[0,6100)",0,14611706.0,0,,
287,2351607,2351606,208-12,"[0,6100)",0,18366503.0,0,,
288,2350990,2350982,99-8,"[42700,48800)",0,,0,,
289,2351608,2351606,208-11,"[6100,12200)",0,18366503.0,0,,
290,2351261,2351259,120-2,"[6100,12200)",0,14857146.0,0,,
291,2351609,2351606,208-10,"[12200,18300)",0,18366503.0,0,,
292,2351596,2351592,207-10,"[12200,18300)",0,,0,,
293,2351598,2351592,207-8,"[24400,30500)",0,,0,,
294,2351600,2351592,207-6,"[36600,42700)",0,,0,,
295,2351602,2351592,207-4,"[48800,54900)",0,,0,,
296,2351311,2351307,124-8,"[42700,48800)",0,,0,,
297,2351603,2351592,207-3,"[54900,61000)",0,,0,,
298,2351604,2351592,207-2,"[61000,67100)",0,,0,,
299,2351605,2351592,207-1,"[67100,73200)",0,,0,,
300,2352095,2352091,986-7,"[18300,24400)",0,14069767.0,0,,
301,2351263,2351259,120-4,"[18300,24400)",0,14857146.0,0,,
302,2351205,2351193,115-12,"[67100,73200)",0,18366782.0,0,,
303,2351635,2351632,210-10,"[12200,18300)",0,,0,,
304,2351639,2351632,210-6,"[36600,42700)",0,,0,,
305,3279901,2351463,141-6,"[30500,36600)",0,,0,,2021-09-30 10:49:09.962830
306,2351321,2351316,125-8,"[42700,48800)",0,15432743.0,0,,
307,2351620,2351619,209-12,"[0,6100)",0,14069903.0,0,,
308,2351903,2351898,232-8,"[24400,30500)",0,12277870.0,0,,
309,2351265,2351259,120-6,"[30500,36600)",0,14857146.0,0,,
310,2351626,2351619,209-6,"[36600,42700)",0,14069903.0,0,,
311,2351267,2351259,120-8,"[42700,48800)",0,14857146.0,0,,
312,2351269,2351259,120-10,"[54900,61000)",0,14857146.0,0,,
313,2351271,2351259,120-12,"[67100,73200)",0,14857146.0,0,,
314,2351337,2351335,127-6,"[30500,36600)",0,,0,,
315,2351339,2351335,127-8,"[42700,48800)",0,,0,,
316,2351330,2351326,126-8,"[42700,48800)",0,,0,,
317,2351332,2351326,126-10,"[54900,61000)",0,,0,,
318,2351334,2351326,126-12,"[67100,73200)",0,,0,,
319,2351637,2351632,210-8,"[24400,30500)",0,,0,,
320,2351340,2351335,127-9,"[48800,54900)",0,,0,,
321,2351381,2351380,132-5,"[24400,30500)",0,16548862.0,0,,
322,2351042,2351034,103-7,"[36600,42700)",0,15530777.0,0,,
323,2351201,2351193,115-8,"[42700,48800)",0,18366782.0,0,,
324,2352055,2352047,982-3,"[42700,48800)",0,14069767.0,0,,
325,2352102,2352091,986-1,"[54900,61000)",0,14069767.0,0,,
326,2351625,2351619,209-7,"[30500,36600)",0,14069903.0,0,,
327,2351629,2351619,209-3,"[54900,61000)",0,14069903.0,0,,
328,2351946,2351942,804-6,"[54900,61000)",0,,0,,
329,2351947,2351942,804-5,"[61000,67100)",0,,0,,
330,2351949,2351942,804-3,"[73200,79300)",0,,0,,
331,2351951,2351942,804-1,"[85400,91500)",0,,0,,
332,2351341,2351335,127-10,"[54900,61000)",0,14553789.0,0,,
333,2351044,2351034,103-9,"[48800,54900)",0,15530777.0,0,,
334,2351046,2351034,103-11,"[61000,67100)",0,15530777.0,0,,
335,2351661,2351658,212-10,"[12200,18300)",0,12694055.0,0,,
336,2351663,2351658,212-8,"[24400,30500)",0,12694055.0,0,,
337,2351342,2351335,127-11,"[61000,67100)",0,14553789.0,0,,
338,2351391,2351390,133-5,"[24400,30500)",0,,0,,
339,2352119,2352114,988-6,"[24400,30500)",0,,0,,
340,2351666,2351658,212-6,"[36600,42700)",0,12694055.0,0,,
341,2351668,2351658,212-4,"[48800,54900)",0,12694055.0,0,,
342,2351670,2351658,212-2,"[61000,67100)",0,12694055.0,0,,
343,2350983,2350982,99-1,"[0,6100)",0,,0,,
344,2350989,2350982,99-7,"[36600,42700)",0,,0,,
345,2351343,2351335,127-12,"[67100,73200)",0,14553789.0,0,,
346,2351024,2351021,102-3,"[12200,18300)",0,14030547.0,0,,
347,2351026,2351021,102-5,"[24400,30500)",0,14030547.0,0,,
348,2350981,2350978,721-7,"[36600,42700)",0,5456154.0,0,,
349,2350969,2350961,719-7,"[36600,42700)",0,5456612.0,0,,
350,2351713,2351711,216-11,"[6100,12200)",0,14557110.0,0,,
351,2351028,2351021,102-7,"[36600,42700)",0,14030547.0,0,,
352,2351355,2351353,129-6,"[30500,36600)",0,,0,,
353,2351715,2351711,216-9,"[18300,24400)",0,14557110.0,0,,
354,2351356,2351353,129-7,"[36600,42700)",0,,0,,
355,2351717,2351711,216-7,"[30500,36600)",0,14557110.0,0,,
356,2351719,2351711,216-5,"[42700,48800)",0,14557110.0,0,,
357,2351758,2351751,219-6,"[36600,42700)",0,14579821.0,0,,
358,2351759,2351751,219-5,"[42700,48800)",0,14579821.0,0,,
359,2352121,2352114,988-4,"[36600,42700)",0,,0,,
360,2351760,2351751,219-4,"[48800,54900)",0,14579821.0,0,,
361,2351761,2351751,219-3,"[54900,61000)",0,14579821.0,0,,
362,2351762,2351751,219-2,"[61000,67100)",0,14579821.0,0,,
363,2351763,2351751,219-1,"[67100,73200)",0,14579821.0,0,,
364,2351911,2351910,233-12,"[0,6100)",0,14603574.0,0,,
365,2351912,2351910,233-11,"[6100,12200)",0,14603574.0,0,,
366,2351914,2351910,233-9,"[18300,24400)",0,14603574.0,0,,
367,2351915,2351910,233-8,"[24400,30500)",0,14603574.0,0,,
368,2351916,2351910,233-7,"[30500,36600)",0,14603574.0,0,,
369,2351646,2351645,211-12,"[0,6100)",0,,0,,
370,2351648,2351645,211-10,"[12200,18300)",0,,0,,
371,2351650,2351645,211-8,"[24400,30500)",0,,0,,
372,2351654,2351645,211-4,"[48800,54900)",0,,0,,
373,2351656,2351645,211-2,"[61000,67100)",0,,0,,
374,2351953,2351952,803-9,"[36600,42700)",0,,0,,
375,2351652,2351645,211-6,"[36600,42700)",0,,0,,
376,2351382,2351380,132-6,"[30500,36600)",0,16548862.0,0,,
377,2351627,2351619,209-5,"[42700,48800)",0,14069903.0,0,,
378,5564398,2351307,124-4,"[18300,24400)",0,15232498.0,0,,
379,5564638,2351307,124-3,"[12200,18300)",0,15232498.0,0,,
380,2351659,2351658,212-12,"[0,6100)",0,,0,,
381,2351151,2351140,111-11,"[61000,67100)",0,14553721.0,0,,
382,2351570,2351566,205-9,"[18300,24400)",0,14553847.0,0,,
383,2351921,2351920,234-12,"[0,6100)",0,,0,,
384,2351568,2351566,205-11,"[6100,12200)",0,13592782.0,0,,
385,2351572,2351566,205-7,"[30500,36600)",0,14553847.0,0,,
386,2351922,2351920,234-11,"[6100,12200)",0,,0,,
387,2351567,2351566,205-12,"[0,6100)",0,,0,,
388,2351925,2351920,234-8,"[24400,30500)",0,,0,,
389,2351569,2351566,205-10,"[12200,18300)",0,,0,,
390,2351928,2351920,234-6,"[36600,42700)",0,,0,,
391,2351932,2351929,235-10,"[12200,18300)",0,,0,,
392,2351933,2351929,235-9,"[18300,24400)",0,,0,,
393,2351935,2351929,235-7,"[30500,36600)",0,,0,,
394,2351939,2351936,236-10,"[12200,18300)",0,,0,,
395,2351571,2351566,205-8,"[24400,30500)",0,,0,,
396,2351515,2351513,201-11,"[6100,12200)",0,18354098.0,0,,
397,2351529,2351527,202-11,"[6100,12200)",0,,0,,
398,2351517,2351513,201-9,"[18300,24400)",0,18354098.0,0,,
399,2351519,2351513,201-7,"[30500,36600)",0,18354098.0,0,,
400,2351521,2351513,201-5,"[42700,48800)",0,18354098.0,0,,
401,2351524,2351513,201-3,"[54900,61000)",0,18354098.0,0,,
402,2351531,2351527,202-9,"[18300,24400)",0,,0,,
403,2351526,2351513,201-1,"[67100,73200)",0,18354098.0,0,,
404,2351930,2351929,235-12,"[0,6100)",0,,0,,
405,2351938,2351936,236-11,"[6100,12200)",0,,0,,
406,2351940,2351936,236-9,"[18300,24400)",0,,0,,
407,2351533,2351527,202-7,"[30500,36600)",0,,0,,
408,2351573,2351566,205-6,"[36600,42700)",0,,0,,
409,2351054,2351048,104-6,"[30500,36600)",0,16557391.0,0,,
410,2351317,2351316,125-5,"[24400,30500)",0,,0,,
411,2351056,2351048,104-8,"[42700,48800)",0,16557391.0,0,,
412,2351535,2351527,202-5,"[42700,48800)",0,,0,,
413,2351537,2351527,202-3,"[54900,61000)",0,,0,,
414,2351913,2351910,233-10,"[12200,18300)",0,14603574.0,0,,
415,2351478,2351477,143-9,"[48800,54900)",0,,0,,
416,2351917,2351910,233-6,"[36600,42700)",0,14603574.0,0,,
417,2351918,2351910,233-5,"[42700,48800)",0,14603574.0,0,,
418,2351058,2351048,104-10,"[54900,61000)",0,16557391.0,0,,
419,2351060,2351048,104-12,"[67100,73200)",0,16557391.0,0,,
420,2350991,2350982,99-9,"[48800,54900)",0,,0,,
421,2350992,2350982,99-10,"[54900,61000)",0,,0,,
422,2350993,2350982,99-11,"[61000,67100)",0,,0,,
423,2351073,2351061,105-12,"[67100,73200)",0,,0,,
424,2350994,2350982,99-12,"[67100,73200)",0,,0,,
425,2351095,2351087,107-8,"[42700,48800)",0,,0,,
426,2351555,2351553,204-11,"[6100,12200)",0,17487479.0,0,,
427,2351557,2351553,204-9,"[18300,24400)",0,17487479.0,0,,
428,2351559,2351553,204-7,"[30500,36600)",0,17487479.0,0,,
429,2351561,2351553,204-5,"[42700,48800)",0,17487479.0,0,,
430,2351563,2351553,204-3,"[54900,61000)",0,17487479.0,0,,
431,2351552,2351540,203-1,"[67100,73200)",0,,0,,
432,2351565,2351553,204-1,"[67100,73200)",0,17487479.0,0,,
433,2352036,2352035,981-10,"[0,6100)",0,13818230.0,0,,
434,2352038,2352035,981-8,"[12200,18300)",0,13818230.0,0,,
435,2350822,2350821,701-1,"[0,6100)",0,,0,,
436,2350823,2350821,701-2,"[6100,12200)",0,,0,,
437,2352039,2352035,981-7,"[18300,24400)",0,13818230.0,0,,
438,2352040,2352035,981-6,"[24400,30500)",0,13818230.0,0,,
439,2351030,2351021,102-9,"[48800,54900)",0,14030547.0,0,,
440,2351031,2351021,102-10,"[54900,61000)",0,14030547.0,0,,
441,2351032,2351021,102-11,"[61000,67100)",0,14030547.0,0,,
442,2351150,2351140,111-10,"[54900,61000)",0,,0,,
443,2351152,2351140,111-12,"[67100,73200)",0,,0,,
444,2351167,2351166,113-1,"[0,6100)",0,,0,,
445,2351169,2351166,113-3,"[12200,18300)",0,,0,,
446,2351171,2351166,113-5,"[24400,30500)",0,,0,,
447,2351173,2351166,113-7,"[36600,42700)",0,,0,,
448,2351175,2351166,113-9,"[48800,54900)",0,,0,,
449,2351178,2351166,113-11,"[61000,67100)",0,,0,,
450,2350907,2350905,712-2,"[6100,12200)",0,18313050.0,0,,
451,2351179,2351166,113-12,"[67100,73200)",0,,0,,
452,2351660,2351658,212-11,"[6100,12200)",0,,0,,
453,2351767,2351764,220-10,"[12200,18300)",0,15233380.0,0,,
454,2351181,2351180,114-1,"[0,6100)",0,14553747.0,0,,
455,2351183,2351180,114-3,"[12200,18300)",0,14553747.0,0,,
456,2350924,2350921,714-3,"[12200,18300)",0,18313050.0,0,,
457,2351194,2351193,115-1,"[0,6100)",0,18366782.0,0,,
458,2351196,2351193,115-3,"[12200,18300)",0,18366782.0,0,,
459,2351768,2351764,220-9,"[18300,24400)",0,15233380.0,0,,
460,2351774,2351764,220-3,"[54900,61000)",0,15233380.0,0,,
461,2351699,2351698,215-12,"[0,6100)",0,15240975.0,0,,
462,2351662,2351658,212-9,"[18300,24400)",0,12694055.0,0,,
463,2351954,2351952,803-8,"[42700,48800)",0,,0,,
464,2351955,2351952,803-7,"[48800,54900)",0,,0,,
465,2351956,2351952,803-6,"[54900,61000)",0,,0,,
466,2351647,2351645,211-11,"[6100,12200)",0,,0,,
467,2351191,2351180,114-11,"[61000,67100)",0,14553747.0,0,,
468,2351649,2351645,211-9,"[18300,24400)",0,,0,,
469,2351701,2351698,215-10,"[12200,18300)",0,15240975.0,0,,
470,2351651,2351645,211-7,"[30500,36600)",0,,0,,
471,2351655,2351645,211-3,"[54900,61000)",0,,0,,
472,2351667,2351658,212-5,"[42700,48800)",0,12694055.0,0,,
473,2351657,2351645,211-1,"[67100,73200)",0,,0,,
474,2351669,2351658,212-3,"[54900,61000)",0,12694055.0,0,,
475,2351665,2351658,212-7,"[30500,36600)",0,,0,,
476,2351671,2351658,212-1,"[67100,73200)",0,12694055.0,0,,
477,2351033,2351021,102-12,"[67100,73200)",0,14030547.0,0,,
478,2351636,2351632,210-9,"[18300,24400)",0,14553866.0,0,,
479,2351872,2351865,229-6,"[36600,42700)",0,12711028.0,0,,
480,2351873,2351865,229-5,"[42700,48800)",0,12711028.0,0,,
481,2351957,2351952,803-5,"[61000,67100)",0,,0,,
482,2351958,2351952,803-4,"[67100,73200)",0,,0,,
483,2351653,2351645,211-5,"[42700,48800)",0,,0,,
484,2351961,2351952,803-1,"[85400,91500)",0,,0,,
485,2351963,2351962,802-11,"[24400,30500)",0,,0,,
486,2351965,2351962,802-9,"[36600,42700)",0,,0,,
487,2351707,2351698,215-4,"[48800,54900)",0,,0,,
488,2351966,2351962,802-8,"[42700,48800)",0,,0,,
489,2351968,2351962,802-6,"[54900,61000)",0,,0,,
490,2351970,2351969,801-11,"[24400,30500)",0,,0,,
491,2351971,2351969,801-10,"[30500,36600)",0,,0,,
492,2351972,2351969,801-9,"[36600,42700)",0,,0,,
493,2351973,2351969,801-8,"[42700,48800)",0,,0,,
494,2351974,2351969,801-7,"[48800,54900)",0,,0,,
495,2351975,2351969,801-6,"[54900,61000)",0,,0,,
496,2351977,2351976,800-15,"[0,6100)",0,,0,,
497,2351978,2351976,800-14,"[6100,12200)",0,,0,,
498,2351979,2351976,800-13,"[12200,18300)",0,,0,,
499,2351980,2351976,800-12,"[18300,24400)",0,,0,,
500,2351372,2351371,131-5,"[24400,30500)",0,16536109.0,0,,
501,2351373,2351371,131-6,"[30500,36600)",0,16536109.0,0,,
502,2352063,2352058,983-6,"[24400,30500)",0,13818559.0,0,,
503,2351374,2351371,131-7,"[36600,42700)",0,16536109.0,0,,
504,2352065,2352058,983-4,"[36600,42700)",0,13818559.0,0,,
505,2351375,2351371,131-8,"[42700,48800)",0,16536109.0,0,,
506,2352067,2352058,983-2,"[48800,54900)",0,13818559.0,0,,
507,2352072,2352069,984-8,"[12200,18300)",0,13818559.0,0,,
508,2351378,2351371,131-11,"[61000,67100)",0,16536109.0,0,,
509,2351185,2351180,114-5,"[24400,30500)",0,14553747.0,0,,
510,2351187,2351180,114-7,"[36600,42700)",0,14553747.0,0,,
511,2351207,2351206,116-1,"[0,6100)",0,,0,,
512,2352048,2352047,982-10,"[0,6100)",0,14069767.0,0,,
513,2351726,2351724,217-11,"[6100,12200)",0,14553988.0,0,,
514,2351037,2351034,103-2,"[6100,12200)",0,,0,,
515,2352057,2352047,982-1,"[54900,61000)",0,14069767.0,0,,
516,2351725,2351724,217-12,"[0,6100)",0,14030966.0,0,,
517,2352093,2352091,986-9,"[6100,12200)",0,14069767.0,0,,
518,2352094,2352091,986-8,"[12200,18300)",0,14069767.0,0,,
519,2351775,2351764,220-2,"[61000,67100)",0,15233380.0,0,,
520,2351202,2351193,115-9,"[48800,54900)",0,18366782.0,0,,
521,2351204,2351193,115-11,"[61000,67100)",0,18366782.0,0,,
522,2352096,2352091,986-6,"[24400,30500)",0,14069767.0,0,,
523,2352097,2352091,986-5,"[30500,36600)",0,14069767.0,0,,
524,2351039,2351034,103-4,"[18300,24400)",0,,0,,
525,2351491,2351487,199-9,"[18300,24400)",0,,0,,
526,2351492,2351487,199-8,"[24400,30500)",0,,0,,
527,2351493,2351487,199-7,"[30500,36600)",0,,0,,
528,2351494,2351487,199-6,"[36600,42700)",0,,0,,
529,2351495,2351487,199-5,"[42700,48800)",0,,0,,
530,2351496,2351487,199-4,"[48800,54900)",0,,0,,
531,2351497,2351487,199-3,"[54900,61000)",0,,0,,
532,2351498,2351487,199-2,"[61000,67100)",0,,0,,
533,2351499,2351487,199-1,"[67100,73200)",0,,0,,
534,2351886,2351876,230-3,"[54900,61000)",0,,0,,
535,2352037,2352035,981-9,"[6100,12200)",0,13818230.0,0,,
536,2352041,2352035,981-5,"[30500,36600)",0,13818230.0,0,,
537,2351776,2351764,220-1,"[67100,73200)",0,15233380.0,0,,
538,2352042,2352035,981-4,"[36600,42700)",0,13818230.0,0,,
539,2352062,2352058,983-7,"[18300,24400)",0,13818559.0,0,,
540,2351220,2351219,117-1,"[0,6100)",0,15428533.0,0,,
541,2352084,2352080,985-7,"[18300,24400)",0,13818559.0,0,,
542,2352087,2352080,985-4,"[36600,42700)",0,13818559.0,0,,
543,2351740,2351738,218-11,"[6100,12200)",0,14553988.0,0,,
544,2351727,2351724,217-10,"[12200,18300)",0,14030966.0,0,,
545,2351035,2351034,103-1,"[0,6100)",0,,0,,
546,2351215,2351206,116-9,"[48800,54900)",0,,0,,
547,2351728,2351724,217-9,"[18300,24400)",0,14030966.0,0,,
548,2351040,2351034,103-5,"[24400,30500)",0,,0,,
549,2351742,2351738,218-9,"[18300,24400)",0,14553988.0,0,,
550,2351721,2351711,216-3,"[54900,61000)",0,14557110.0,0,,
551,2351723,2351711,216-1,"[67100,73200)",0,14557110.0,0,,
552,2351752,2351751,219-12,"[0,6100)",0,14579821.0,0,,
553,2351753,2351751,219-11,"[6100,12200)",0,14579821.0,0,,
554,2351754,2351751,219-10,"[12200,18300)",0,14579821.0,0,,
555,2351755,2351751,219-9,"[18300,24400)",0,14579821.0,0,,
556,2351756,2351751,219-8,"[24400,30500)",0,14579821.0,0,,
557,2351757,2351751,219-7,"[30500,36600)",0,14579821.0,0,,
558,2351217,2351206,116-11,"[61000,67100)",0,,0,,
559,2352143,2352142,S,"[0,5000)",0,16465169.0,0,,
560,2351729,2351724,217-8,"[24400,30500)",0,14030966.0,0,,
561,2352128,2352127,B,"[0,5000)",0,16466037.0,0,,
562,2351379,2351371,131-12,"[67100,73200)",0,16536109.0,0,,
563,2351049,2351048,104-1,"[0,6100)",0,16557391.0,0,,
564,2351050,2351048,104-2,"[6100,12200)",0,16557391.0,0,,
565,2351051,2351048,104-3,"[12200,18300)",0,16557391.0,0,,
566,2351052,2351048,104-4,"[18300,24400)",0,16557391.0,0,,
567,2351053,2351048,104-5,"[24400,30500)",0,16557391.0,0,,
568,2351055,2351048,104-7,"[36600,42700)",0,16557391.0,0,,
569,2351351,2351344,128-11,"[61000,67100)",0,16802751.0,0,,
570,2351352,2351344,128-12,"[67100,73200)",0,16802751.0,0,,
571,2350934,2350929,715-5,"[24400,30500)",0,18375490.0,0,,
572,2350935,2350929,715-6,"[30500,36600)",0,18375490.0,0,,
573,2351730,2351724,217-7,"[30500,36600)",0,14030966.0,0,,
574,2351731,2351724,217-6,"[36600,42700)",0,14030966.0,0,,
575,2351732,2351724,217-5,"[42700,48800)",0,14030966.0,0,,
576,2351734,2351724,217-4,"[48800,54900)",0,14030966.0,0,,
577,2351735,2351724,217-3,"[54900,61000)",0,14030966.0,0,,
578,2351736,2351724,217-2,"[61000,67100)",0,14030966.0,0,,
579,2351737,2351724,217-1,"[67100,73200)",0,14030966.0,0,,
580,2351747,2351738,218-4,"[48800,54900)",0,14163180.0,0,,
581,2351748,2351738,218-3,"[54900,61000)",0,14163180.0,0,,
582,2351749,2351738,218-2,"[61000,67100)",0,14163180.0,0,,
583,2351750,2351738,218-1,"[67100,73200)",0,14163180.0,0,,
584,2351741,2351738,218-10,"[12200,18300)",0,14163412.0,0,,
585,2351743,2351738,218-8,"[24400,30500)",0,14163412.0,0,,
586,2351744,2351738,218-7,"[30500,36600)",0,14163412.0,0,,
587,2351745,2351738,218-6,"[36600,42700)",0,14163412.0,0,,
588,2351746,2351738,218-5,"[42700,48800)",0,14163412.0,0,,
589,2351739,2351738,218-12,"[0,6100)",0,14163728.0,0,,
590,2351874,2351865,229-4,"[48800,54900)",0,12711028.0,0,,
591,2351765,2351764,220-12,"[0,6100)",0,15233380.0,0,,
592,2351278,2351272,121-6,"[30500,36600)",0,,0,,
593,2350906,2350905,712-1,"[0,6100)",0,18313050.0,0,,
594,2350949,2350945,717-4,"[18300,24400)",0,18313050.0,0,,
595,2351514,2351513,201-12,"[0,6100)",0,18354098.0,0,,
596,2351766,2351764,220-11,"[6100,12200)",0,15233380.0,0,,
597,2351189,2351180,114-9,"[48800,54900)",0,14553747.0,0,,
598,2351394,2351390,133-8,"[42700,48800)",0,14553833.0,0,,
599,2351395,2351390,133-9,"[48800,54900)",0,14553833.0,0,,
600,2351209,2351206,116-3,"[12200,18300)",0,,0,,
601,2351198,2351193,115-5,"[24400,30500)",0,18366782.0,0,,
602,2351199,2351193,115-6,"[30500,36600)",0,18366782.0,0,,
603,2351847,2351842,227-8,"[24400,30500)",0,,0,,
604,2351848,2351842,227-7,"[30500,36600)",0,,0,,
605,2351943,2351942,804-9,"[36600,42700)",0,,0,,
606,2351944,2351942,804-8,"[42700,48800)",0,,0,,
607,2351945,2351942,804-7,"[48800,54900)",0,,0,,
608,2352004,2352002,RP4-2,"[6100,12200)",0,,0,,
609,2351200,2351193,115-7,"[36600,42700)",0,18366782.0,0,,
610,2352009,2352008,RP6-1,"[0,6100)",0,,0,,
611,2352010,2352008,RP6-2,"[6100,12200)",0,,0,,
612,2351274,2351272,121-2,"[6100,12200)",0,,0,,
613,2351899,2351898,232-12,"[0,6100)",0,,0,,
614,2351401,2351399,134-6,"[30500,36600)",0,14069720.0,0,,
615,2351902,2351898,232-9,"[18300,24400)",0,,0,,
616,2352070,2352069,984-10,"[0,6100)",0,13818559.0,0,,
617,2352081,2352080,985-10,"[0,6100)",0,13818559.0,0,,
618,2352083,2352080,985-8,"[12200,18300)",0,13818559.0,0,,
619,2352085,2352080,985-6,"[24400,30500)",0,13818559.0,0,,
620,2352088,2352080,985-3,"[42700,48800)",0,13818559.0,0,,
621,2352089,2352080,985-2,"[48800,54900)",0,13818559.0,0,,
622,2351210,2351206,116-4,"[18300,24400)",0,,0,,
623,2351882,2351876,230-7,"[30500,36600)",0,,0,,
624,2351884,2351876,230-5,"[42700,48800)",0,,0,,
625,2351907,2351898,232-5,"[42700,48800)",0,,0,,
626,2351909,2351898,232-3,"[54900,61000)",0,,0,,
627,2351403,2351399,134-8,"[42700,48800)",0,14069720.0,0,,
628,2351404,2351399,134-9,"[48800,54900)",0,14069720.0,0,,
629,2351214,2351206,116-8,"[42700,48800)",0,,0,,
630,2351222,2351219,117-3,"[12200,18300)",0,,0,,
631,2351405,2351399,134-10,"[54900,61000)",0,14069720.0,0,,
632,2351223,2351219,117-4,"[18300,24400)",0,,0,,
633,2351224,2351219,117-5,"[24400,30500)",0,,0,,
634,2351211,2351206,116-5,"[24400,30500)",0,15428533.0,0,,
635,2351212,2351206,116-6,"[30500,36600)",0,15428533.0,0,,
636,2351225,2351219,117-6,"[30500,36600)",0,,0,,
637,2351226,2351219,117-7,"[36600,42700)",0,,0,,
638,2351923,2351920,234-10,"[12200,18300)",0,,0,,
639,2351924,2351920,234-9,"[18300,24400)",0,,0,,
640,2351227,2351219,117-8,"[42700,48800)",0,,0,,
641,2351927,2351920,234-7,"[30500,36600)",0,,0,,
642,2351896,2351887,231-4,"[48800,54900)",0,14069806.0,0,,
643,2351228,2351219,117-9,"[48800,54900)",0,15428533.0,0,,
644,2351897,2351887,231-3,"[54900,61000)",0,14069806.0,0,,
645,2350940,2350937,716-3,"[12200,18300)",0,15699829.0,0,,
646,2350942,2350937,716-5,"[24400,30500)",0,15699829.0,0,,
647,2352117,2352114,988-8,"[12200,18300)",0,16536501.0,0,,
648,2351900,2351898,232-11,"[6100,12200)",0,12277870.0,0,,
649,2351393,2351390,133-7,"[36600,42700)",0,,0,,
650,2351937,2351936,236-12,"[0,6100)",0,,0,,
651,2351396,2351390,133-10,"[54900,61000)",0,,0,,
652,2351397,2351390,133-11,"[61000,67100)",0,,0,,
653,2351941,2351936,236-8,"[24400,30500)",0,,0,,
654,2351038,2351034,103-3,"[12200,18300)",0,,0,,
655,2351213,2351206,116-7,"[36600,42700)",0,,0,,
656,2351230,2351219,117-11,"[61000,67100)",0,,0,,
657,2351041,2351034,103-6,"[30500,36600)",0,,0,,
658,2351948,2351942,804-4,"[67100,73200)",0,,0,,
659,2351284,2351272,121-12,"[67100,73200)",0,,0,,
660,2351950,2351942,804-2,"[79300,85400)",0,,0,,
661,2351283,2351272,121-11,"[61000,67100)",0,,0,,
662,2351281,2351272,121-9,"[48800,54900)",0,,0,,
663,2351279,2351272,121-7,"[36600,42700)",0,,0,,
664,2351277,2351272,121-5,"[24400,30500)",0,,0,,
665,2351275,2351272,121-3,"[12200,18300)",0,,0,,
666,2351273,2351272,121-1,"[0,6100)",0,,0,,
667,2352049,2352047,982-9,"[6100,12200)",0,14069767.0,0,,
668,2351959,2351952,803-3,"[73200,79300)",0,,0,,
669,2351960,2351952,803-2,"[79300,85400)",0,,0,,
670,2351964,2351962,802-10,"[30500,36600)",0,,0,,
671,2352051,2352047,982-7,"[18300,24400)",0,14069767.0,0,,
672,2351246,2351245,119-1,"[0,6100)",0,,0,,
673,2351967,2351962,802-7,"[48800,54900)",0,,0,,
674,2351249,2351245,119-3,"[12200,18300)",0,,0,,
675,3281741,2351477,143-7,"[36600,42700)",0,14589522.0,0,,2021-10-12 07:27:13.381052
676,3281465,2351477,143-8,"[42700,48800)",0,14589522.0,0,,2021-10-12 07:27:16.101133
677,2352052,2352047,982-6,"[24400,30500)",0,14069767.0,0,,
678,2352053,2352047,982-5,"[30500,36600)",0,14069767.0,0,,
679,2351384,2351380,132-8,"[42700,48800)",0,16548862.0,0,,
680,2351984,2351983,RPA-1,"[0,6100)",0,2434256.0,0,,
681,2351985,2351983,RPA-2,"[6100,12200)",0,2434256.0,0,,
682,2351988,2351987,RPB-1,"[0,6100)",0,2434256.0,0,,
683,2351989,2351987,RPB-2,"[6100,12200)",0,2434256.0,0,,
684,2351991,2351990,RPC-1,"[0,6100)",0,2434256.0,0,,
685,2351992,2351990,RPC-2,"[6100,12200)",0,2434256.0,0,,
686,2351385,2351380,132-9,"[48800,54900)",0,16548862.0,0,,
687,2351253,2351245,119-7,"[36600,42700)",0,15432306.0,0,,
688,2351254,2351245,119-8,"[42700,48800)",0,15432306.0,0,,
689,2351387,2351380,132-10,"[54900,61000)",0,16548862.0,0,,
690,2351388,2351380,132-11,"[61000,67100)",0,16548862.0,0,,
691,2351286,2351285,122-3,"[12200,18300)",0,,0,,
692,2351287,2351285,122-4,"[18300,24400)",0,,0,,
693,2351288,2351285,122-5,"[24400,30500)",0,,0,,
694,2350909,2350905,712-4,"[18300,24400)",0,18313050.0,0,,
695,2350912,2350905,712-7,"[36600,42700)",0,18313050.0,0,,
696,2351251,2351245,119-5,"[24400,30500)",0,,0,,
697,2351252,2351245,119-6,"[30500,36600)",0,,0,,
698,2351469,2351463,141-12,"[67100,73200)",0,,0,,
699,2351255,2351245,119-9,"[48800,54900)",0,,0,,
700,2351257,2351245,119-11,"[61000,67100)",0,,0,,
701,2351377,2351371,131-10,"[54900,61000)",0,16536109.0,0,,
702,2351919,2351910,233-4,"[48800,54900)",0,14603574.0,0,,
703,3280772,2351470,142-6,"[30500,36600)",0,14786731.0,0,,
704,2351260,2351259,120-1,"[0,6100)",0,14857146.0,0,,
705,2351319,2351316,125-6,"[30500,36600)",0,,0,,
706,2351323,2351316,125-10,"[54900,61000)",0,,0,,
707,2351324,2351316,125-11,"[61000,67100)",0,,0,,
708,2351325,2351316,125-12,"[67100,73200)",0,,0,,
709,2351262,2351259,120-3,"[12200,18300)",0,14857146.0,0,,
710,2351264,2351259,120-5,"[24400,30500)",0,14857146.0,0,,
711,2351981,2351976,800-11,"[24400,30500)",0,2985808.0,0,,
712,2351266,2351259,120-7,"[36600,42700)",0,14857146.0,0,,
713,2351268,2351259,120-9,"[48800,54900)",0,14857146.0,0,,
714,2351270,2351259,120-11,"[61000,67100)",0,14857146.0,0,,
715,2351392,2351390,133-6,"[30500,36600)",0,,0,,
716,2351398,2351390,133-12,"[67100,73200)",0,,0,,
717,2352061,2352058,983-8,"[12200,18300)",0,13818559.0,0,,
718,2352066,2352058,983-3,"[42700,48800)",0,13818559.0,0,,
719,2352068,2352058,983-1,"[54900,61000)",0,13818559.0,0,,
720,2352071,2352069,984-9,"[6100,12200)",0,13818559.0,0,,
721,2352073,2352069,984-7,"[18300,24400)",0,13818559.0,0,,
722,2352077,2352069,984-3,"[42700,48800)",0,13818559.0,0,,
723,2352082,2352080,985-9,"[6100,12200)",0,13818559.0,0,,
724,2352086,2352080,985-5,"[30500,36600)",0,13818559.0,0,,
725,2352090,2352080,985-1,"[54900,61000)",0,13818559.0,0,,
726,2351289,2351285,122-6,"[30500,36600)",0,,0,,
727,2351294,2351285,122-11,"[61000,67100)",0,,0,,
728,2351295,2351285,122-12,"[67100,73200)",0,,0,,
729,2351291,2351285,122-8,"[42700,48800)",0,,0,,
730,2351290,2351285,122-7,"[36600,42700)",0,,0,,
731,2351389,2351380,132-12,"[67100,73200)",0,16548862.0,0,,
732,2350889,2350888,710-1,"[0,6100)",0,18313050.0,0,,
733,2350890,2350888,710-2,"[6100,12200)",0,18313050.0,0,,
734,2350892,2350888,710-4,"[18300,24400)",0,18313050.0,0,,
735,2350893,2350888,710-5,"[24400,30500)",0,18313050.0,0,,
736,2351595,2351592,207-11,"[6100,12200)",0,,0,,
737,2350894,2350888,710-6,"[30500,36600)",0,18313050.0,0,,
738,2351597,2351592,207-9,"[18300,24400)",0,,0,,
739,2351599,2351592,207-7,"[30500,36600)",0,,0,,
740,2351601,2351592,207-5,"[42700,48800)",0,,0,,
741,2351361,2351353,129-12,"[67100,73200)",0,,0,,
742,2352134,2352133,E,"[0,5000)",0,6459325.0,0,,
743,2352099,2352091,986-3,"[42700,48800)",0,14069767.0,0,,
744,2352027,2352026,RP12-1,"[0,6100)",0,,0,,
745,2352028,2352026,RP12-2,"[6100,12200)",0,,0,,
746,2352030,2352029,RP13-1,"[0,6100)",0,,0,,
747,2352031,2352029,RP13-2,"[6100,12200)",0,,0,,
748,2352033,2352032,RP14-1,"[0,6100)",0,,0,,
749,2352034,2352032,RP14-2,"[6100,12200)",0,,0,,
750,2352100,2352091,986-2,"[48800,54900)",0,14069767.0,0,,
751,2351801,2351790,222-3,"[54900,61000)",0,14606561.0,0,,
752,2351298,2351296,123-4,"[18300,24400)",0,,0,,
753,2351299,2351296,123-5,"[24400,30500)",0,,0,,
754,2351363,2351362,130-5,"[24400,30500)",0,15233789.0,0,,
755,2351366,2351362,130-8,"[42700,48800)",0,15236944.0,0,,
756,2351367,2351362,130-9,"[48800,54900)",0,15429230.0,0,,
757,2351364,2351362,130-6,"[30500,36600)",0,,0,,
758,2351368,2351362,130-10,"[54900,61000)",0,15429230.0,0,,
759,2351297,2351296,123-3,"[12200,18300)",0,16158812.0,0,,
760,2352136,2352135,Cr1,"[0,5000)",0,12194899.0,0,,
761,2352132,2352131,D,"[0,5000)",0,2434279.0,0,,
762,2351301,2351296,123-7,"[36600,42700)",0,12423331.0,0,,
763,2387713,2387709,MT-Transfer,"[0,3000)",0,,0,,
764,2352145,2352144,CarrierParking,"[0,5000)",0,,0,,
765,2351300,2351296,123-6,"[30500,36600)",0,,0,,
766,2351302,2351296,123-8,"[42700,48800)",0,,0,,
767,2352105,2352103,987-9,"[6100,12200)",0,14611706.0,0,,
768,2352106,2352103,987-8,"[12200,18300)",0,14611706.0,0,,
769,2352107,2352103,987-7,"[18300,24400)",0,14611706.0,0,,
770,2352108,2352103,987-6,"[24400,30500)",0,14611706.0,0,,
771,2351365,2351362,130-7,"[36600,42700)",0,,0,,
772,2351369,2351362,130-11,"[61000,67100)",0,,0,,
773,2351370,2351362,130-12,"[67100,73200)",0,,0,,
774,2352109,2352103,987-5,"[30500,36600)",0,14611706.0,0,,
775,2352111,2352103,987-3,"[42700,48800)",0,14611706.0,0,,
776,2352138,2352137,Cr2,"[0,5000)",0,14705849.0,0,,
777,2351292,2351285,122-9,"[48800,54900)",0,17488140.0,0,,
778,2351293,2351285,122-10,"[54900,61000)",0,17488140.0,0,,
779,2352130,2352129,C,"[0,5000)",0,17489036.0,0,,
780,2351840,2351831,226-4,"[48800,54900)",0,,0,,
781,2351841,2351831,226-3,"[54900,61000)",0,,0,,
782,2351845,2351842,227-10,"[12200,18300)",0,,0,,
783,2351846,2351842,227-9,"[18300,24400)",0,,0,,
784,2351849,2351842,227-6,"[36600,42700)",0,,0,,
785,2351850,2351842,227-5,"[42700,48800)",0,,0,,
786,2350908,2350905,712-3,"[12200,18300)",0,18313050.0,0,,
787,2351779,2351777,221-11,"[6100,12200)",0,18389855.0,0,,
788,2351400,2351399,134-5,"[24400,30500)",0,14069720.0,0,,
789,2351402,2351399,134-7,"[36600,42700)",0,14069720.0,0,,
790,2351702,2351698,215-9,"[18300,24400)",0,15240975.0,0,,
791,2351141,2351140,111-1,"[0,6100)",0,14553718.0,0,,
792,2351686,2351685,214-12,"[0,6100)",0,12367494.0,0,,
793,2351688,2351685,214-10,"[12200,18300)",0,12367494.0,0,,
794,2351145,2351140,111-5,"[24400,30500)",0,14553718.0,0,,
795,2351147,2351140,111-7,"[36600,42700)",0,14553718.0,0,,
796,2351149,2351140,111-9,"[48800,54900)",0,14553718.0,0,,
797,2351714,2351711,216-10,"[12200,18300)",0,14557110.0,0,,
798,2351716,2351711,216-8,"[24400,30500)",0,14557110.0,0,,
799,2351827,2351817,224-3,"[54900,61000)",0,12907206.0,0,,
800,2351828,2351817,224-2,"[61000,67100)",0,12907206.0,0,,
801,2351690,2351685,214-8,"[24400,30500)",0,12367494.0,0,,
802,2351718,2351711,216-6,"[36600,42700)",0,14557110.0,0,,
803,2351720,2351711,216-4,"[48800,54900)",0,14557110.0,0,,
804,2351722,2351711,216-2,"[61000,67100)",0,14557110.0,0,,
805,2351712,2351711,216-12,"[0,6100)",0,14587303.0,0,,
806,2351799,2351790,222-5,"[42700,48800)",0,14606561.0,0,,
807,2351802,2351790,222-2,"[61000,67100)",0,14606561.0,0,,
808,2351708,2351698,215-3,"[54900,61000)",0,15240975.0,0,,
809,2351803,2351790,222-1,"[67100,73200)",0,14606561.0,0,,
810,2351409,2351408,135-5,"[24400,30500)",0,15430043.0,0,,
811,2352112,2352103,987-2,"[48800,54900)",0,14611706.0,0,,
812,2352113,2352103,987-1,"[54900,61000)",0,14611706.0,0,,
813,2351692,2351685,214-6,"[36600,42700)",0,12367494.0,0,,
814,2351694,2351685,214-4,"[48800,54900)",0,12367494.0,0,,
815,2351780,2351777,221-10,"[12200,18300)",0,18389855.0,0,,
816,2351696,2351685,214-2,"[61000,67100)",0,12367494.0,0,,
817,2351786,2351777,221-4,"[48800,54900)",0,18389855.0,0,,
818,2351787,2351777,221-3,"[54900,61000)",0,18389855.0,0,,
819,2351805,2351804,223-12,"[0,6100)",0,,0,,
820,2351806,2351804,223-11,"[6100,12200)",0,,0,,
821,2351807,2351804,223-10,"[12200,18300)",0,,0,,
822,2351808,2351804,223-9,"[18300,24400)",0,,0,,
823,2351809,2351804,223-8,"[24400,30500)",0,,0,,
824,2351810,2351804,223-7,"[30500,36600)",0,,0,,
825,2351811,2351804,223-6,"[36600,42700)",0,,0,,
826,2351813,2351804,223-4,"[48800,54900)",0,,0,,
827,2351815,2351804,223-2,"[61000,67100)",0,,0,,
828,2351816,2351804,223-1,"[67100,73200)",0,,0,,
829,2351528,2351527,202-12,"[0,6100)",0,,0,,
830,2351994,2351993,RP1-1,"[0,6100)",0,,0,,
831,2351995,2351993,RP1-2,"[6100,12200)",0,,0,,
832,2351530,2351527,202-10,"[12200,18300)",0,,0,,
833,2351997,2351996,RP2-1,"[0,6100)",0,,0,,
834,2351532,2351527,202-8,"[24400,30500)",0,,0,,
835,2351998,2351996,RP2-2,"[6100,12200)",0,,0,,
836,2352000,2351999,RP3-1,"[0,6100)",0,,0,,
837,2352001,2351999,RP3-2,"[6100,12200)",0,,0,,
838,2351534,2351527,202-6,"[36600,42700)",0,,0,,
839,2351536,2351527,202-4,"[48800,54900)",0,,0,,
840,2351538,2351527,202-2,"[61000,67100)",0,,0,,
841,2350984,2350982,99-2,"[6100,12200)",0,,0,,
842,2351833,2351831,226-11,"[6100,12200)",0,,0,,
843,2351837,2351831,226-7,"[30500,36600)",0,,0,,
844,2351838,2351831,226-6,"[36600,42700)",0,,0,,
845,2351839,2351831,226-5,"[42700,48800)",0,,0,,
846,2351856,2351853,228-10,"[12200,18300)",0,,0,,
847,2351857,2351853,228-9,"[18300,24400)",0,,0,,
848,2351858,2351853,228-8,"[24400,30500)",0,,0,,
849,2351859,2351853,228-7,"[30500,36600)",0,,0,,
850,2352003,2352002,RP4-1,"[0,6100)",0,,0,,
851,2351143,2351140,111-3,"[12200,18300)",0,14030613.0,0,,
852,2351144,2351140,111-4,"[18300,24400)",0,14030613.0,0,,
853,2351148,2351140,111-8,"[42700,48800)",0,,0,,
854,2351146,2351140,111-6,"[30500,36600)",0,,0,,
855,2351851,2351842,227-4,"[48800,54900)",0,,0,,
856,2351142,2351140,111-2,"[6100,12200)",0,,0,,
857,2351304,2351296,123-10,"[54900,61000)",0,15238110.0,0,,
858,2351931,2351929,235-11,"[6100,12200)",0,,0,,
859,2350884,2350880,709-4,"[18300,24400)",0,18313050.0,0,,
860,2350887,2350880,709-7,"[36600,42700)",0,18313050.0,0,,
861,2351674,2351672,213-11,"[6100,12200)",0,16563335.0,0,,
862,2350895,2350888,710-7,"[36600,42700)",0,18313050.0,0,,
863,2351832,2351831,226-12,"[0,6100)",0,,0,,
864,2350898,2350896,711-1,"[0,6100)",0,18313050.0,0,,
865,2352050,2352047,982-8,"[12200,18300)",0,14069767.0,0,,
866,2351676,2351672,213-9,"[18300,24400)",0,16563335.0,0,,
867,2352054,2352047,982-4,"[36600,42700)",0,14069767.0,0,,
868,2351678,2351672,213-7,"[30500,36600)",0,16563335.0,0,,
869,2350899,2350896,711-2,"[6100,12200)",0,18313050.0,0,,
870,2351680,2351672,213-5,"[42700,48800)",0,16563335.0,0,,
871,2351418,2351417,136-5,"[24400,30500)",0,12280027.0,0,,
872,2351419,2351417,136-6,"[30500,36600)",0,12280027.0,0,,
873,2351682,2351672,213-3,"[54900,61000)",0,16563335.0,0,,
874,2350920,2350913,713-7,"[36600,42700)",0,18313050.0,0,,
875,2350928,2350921,714-7,"[36600,42700)",0,18313050.0,0,,
876,2350946,2350945,717-1,"[0,6100)",0,18313050.0,0,,
877,2351905,2351898,232-7,"[30500,36600)",0,,0,,
878,2351684,2351672,213-1,"[67100,73200)",0,16563335.0,0,,
879,2350947,2350945,717-2,"[6100,12200)",0,18313050.0,0,,
880,2351154,2351153,112-1,"[0,6100)",0,16802800.0,0,,
881,2351982,2351976,800-10,"[30500,36600)",0,,0,,
882,2351155,2351153,112-2,"[6100,12200)",0,16802800.0,0,,
883,2351420,2351417,136-7,"[36600,42700)",0,12280027.0,0,,
884,2351421,2351417,136-8,"[42700,48800)",0,12280027.0,0,,
885,2352056,2352047,982-2,"[48800,54900)",0,14069767.0,0,,
886,2351413,2351408,135-9,"[48800,54900)",0,15430043.0,0,,
887,2352092,2352091,986-10,"[0,6100)",0,14069767.0,0,,
888,2351156,2351153,112-3,"[12200,18300)",0,16802800.0,0,,
889,2351422,2351417,136-9,"[48800,54900)",0,12283244.0,0,,
890,2351423,2351417,136-10,"[54900,61000)",0,12283244.0,0,,
891,2352098,2352091,986-4,"[36600,42700)",0,14069767.0,0,,
892,2352141,2352139,Cr3,"[0,5000)",0,14705901.0,0,,
893,2351157,2351153,112-4,"[18300,24400)",0,16802800.0,0,,
894,2351410,2351408,135-6,"[30500,36600)",0,,0,,
895,2351303,2351296,123-9,"[48800,54900)",0,,0,,
896,2351834,2351831,226-10,"[12200,18300)",0,,0,,
897,2351835,2351831,226-9,"[18300,24400)",0,,0,,
898,2351852,2351842,227-3,"[54900,61000)",0,,0,,
899,2350998,2350995,100-3,"[12200,18300)",0,,0,,
900,2351415,2351408,135-11,"[61000,67100)",0,,0,,
901,2351158,2351153,112-5,"[24400,30500)",0,16802800.0,0,,
902,2351159,2351153,112-6,"[30500,36600)",0,16802800.0,0,,
903,2350999,2350995,100-4,"[18300,24400)",0,,0,,
904,2350938,2350937,716-1,"[0,6100)",0,15699829.0,0,,
905,2350939,2350937,716-2,"[6100,12200)",0,15699829.0,0,,
906,2350944,2350937,716-7,"[36600,42700)",0,15699829.0,0,,
907,2351002,2350995,100-7,"[36600,42700)",0,15726452.0,0,,
908,2351003,2350995,100-8,"[42700,48800)",0,15726452.0,0,,
909,2351160,2351153,112-7,"[36600,42700)",0,16802800.0,0,,
910,2351305,2351296,123-11,"[61000,67100)",0,,0,,
911,2351306,2351296,123-12,"[67100,73200)",0,,0,,
912,2351161,2351153,112-8,"[42700,48800)",0,16802800.0,0,,
913,2351162,2351153,112-9,"[48800,54900)",0,16802800.0,0,,
914,2351163,2351153,112-10,"[54900,61000)",0,16802800.0,0,,
915,2351875,2351865,229-3,"[54900,61000)",0,12711028.0,0,,
916,2351164,2351153,112-11,"[61000,67100)",0,16802800.0,0,,
917,2351165,2351153,112-12,"[67100,73200)",0,16802800.0,0,,
918,2351836,2351831,226-8,"[24400,30500)",0,,0,,
919,2351843,2351842,227-12,"[0,6100)",0,,0,,
920,2351844,2351842,227-11,"[6100,12200)",0,,0,,
921,2351854,2351853,228-12,"[0,6100)",0,,0,,
922,2351855,2351853,228-11,"[6100,12200)",0,,0,,
923,2351860,2351853,228-6,"[36600,42700)",0,,0,,
924,2351861,2351853,228-5,"[42700,48800)",0,,0,,
925,2351866,2351865,229-12,"[0,6100)",0,12711314.0,0,,
926,2351006,2350995,100-11,"[61000,67100)",0,16039254.0,0,,
927,2351908,2351898,232-4,"[48800,54900)",0,12277870.0,0,,
928,2351877,2351876,230-12,"[0,6100)",0,,0,,
929,2351878,2351876,230-11,"[6100,12200)",0,,0,,
930,2351867,2351865,229-11,"[6100,12200)",0,12711314.0,0,,
931,2351934,2351929,235-8,"[24400,30500)",0,,0,,
932,2351411,2351408,135-7,"[36600,42700)",0,,0,,
933,2351412,2351408,135-8,"[42700,48800)",0,,0,,
934,2351414,2351408,135-10,"[54900,61000)",0,,0,,
935,2351888,2351887,231-12,"[0,6100)",0,14069806.0,0,,
936,2351889,2351887,231-11,"[6100,12200)",0,14069806.0,0,,
937,2351862,2351853,228-4,"[48800,54900)",0,,0,,
938,2351863,2351853,228-3,"[54900,61000)",0,,0,,
939,2351879,2351876,230-10,"[12200,18300)",0,,0,,
940,2351880,2351876,230-9,"[18300,24400)",0,,0,,
941,2351881,2351876,230-8,"[24400,30500)",0,,0,,
942,2351883,2351876,230-6,"[36600,42700)",0,,0,,
943,2351901,2351898,232-10,"[12200,18300)",0,,0,,
944,2352110,2352103,987-4,"[36600,42700)",0,14611706.0,0,,
945,2351424,2351417,136-11,"[61000,67100)",0,12734261.0,0,,
946,2351425,2351417,136-12,"[67100,73200)",0,12734261.0,0,,
947,2351890,2351887,231-10,"[12200,18300)",0,14069806.0,0,,
948,2351891,2351887,231-9,"[18300,24400)",0,14069806.0,0,,
949,2351892,2351887,231-8,"[24400,30500)",0,14069806.0,0,,
950,2351893,2351887,231-7,"[30500,36600)",0,14069806.0,0,,
951,2352123,2352114,988-2,"[48800,54900)",0,,0,,
952,2351433,2351426,137-11,"[61000,67100)",0,,0,,
953,2351434,2351426,137-12,"[67100,73200)",0,,0,,
954,2351894,2351887,231-6,"[36600,42700)",0,14069806.0,0,,
955,2351895,2351887,231-5,"[42700,48800)",0,14069806.0,0,,
956,2351427,2351426,137-5,"[24400,30500)",0,,0,,
957,2351430,2351426,137-8,"[42700,48800)",0,,0,,
958,2351628,2351619,209-4,"[48800,54900)",0,14069903.0,0,,
959,2351630,2351619,209-2,"[61000,67100)",0,14069903.0,0,,
960,2352116,2352114,988-9,"[6100,12200)",0,16536501.0,0,,
961,2351428,2351426,137-6,"[30500,36600)",0,,0,,
962,2352120,2352114,988-5,"[30500,36600)",0,16536501.0,0,,
963,2352122,2352114,988-3,"[42700,48800)",0,16536501.0,0,,
964,2351673,2351672,213-12,"[0,6100)",0,16563335.0,0,,
965,2351429,2351426,137-7,"[36600,42700)",0,,0,,
966,2351675,2351672,213-10,"[12200,18300)",0,16563335.0,0,,
967,2351431,2351426,137-9,"[48800,54900)",0,,0,,
968,2351432,2351426,137-10,"[54900,61000)",0,,0,,
969,2351677,2351672,213-8,"[24400,30500)",0,16563335.0,0,,
970,2351679,2351672,213-6,"[36600,42700)",0,16563335.0,0,,
971,2351681,2351672,213-4,"[48800,54900)",0,16563335.0,0,,
972,2351683,2351672,213-2,"[61000,67100)",0,16563335.0,0,,
973,2352006,2352005,RP5-1,"[0,6100)",0,16582276.0,0,,
974,2352007,2352005,RP5-2,"[6100,12200)",0,16582276.0,0,,
975,2352012,2352011,RP7-1,"[0,6100)",0,16582276.0,0,,
976,2352013,2352011,RP7-2,"[6100,12200)",0,16582276.0,0,,
977,2352015,2352014,RP8-1,"[0,6100)",0,16582276.0,0,,
978,2351906,2351898,232-6,"[36600,42700)",0,12277870.0,0,,
979,2352016,2352014,RP8-2,"[6100,12200)",0,16582276.0,0,,
980,2352018,2352017,RP9-1,"[0,6100)",0,16582276.0,0,,
981,2352019,2352017,RP9-2,"[6100,12200)",0,16582276.0,0,,
982,2352021,2352020,RP10-1,"[0,6100)",0,16582276.0,0,,
983,2352022,2352020,RP10-2,"[6100,12200)",0,16582276.0,0,,
984,2352024,2352023,RP11-1,"[0,6100)",0,16582276.0,0,,
985,2352025,2352023,RP11-2,"[6100,12200)",0,16582276.0,0,,
986,2351236,2351232,118-4,"[18300,24400)",0,16802700.0,0,,
987,2351238,2351232,118-6,"[30500,36600)",0,16802700.0,0,,
988,2351240,2351232,118-8,"[42700,48800)",0,16802700.0,0,,
989,2351242,2351232,118-10,"[54900,61000)",0,16802700.0,0,,
990,2351244,2351232,118-12,"[67100,73200)",0,16802700.0,0,,
991,2351448,2351444,139-8,"[42700,48800)",0,16802733.0,0,,
992,2351436,2351435,138-5,"[24400,30500)",0,17504364.0,0,,
993,2351437,2351435,138-6,"[30500,36600)",0,17504364.0,0,,
994,2351438,2351435,138-7,"[36600,42700)",0,17504364.0,0,,
995,2351464,2351463,141-7,"[36600,42700)",0,,0,,
996,2351465,2351463,141-8,"[42700,48800)",0,,0,,
997,2351474,2351470,142-10,"[54900,61000)",0,12279616.0,0,,
998,2351475,2351470,142-11,"[61000,67100)",0,12279616.0,0,,
999,2351778,2351777,221-12,"[0,6100)",0,18389855.0,0,,
1000,2351781,2351777,221-9,"[18300,24400)",0,18389855.0,0,,
1001,2351782,2351777,221-8,"[24400,30500)",0,18389855.0,0,,
1002,2351004,2350995,100-9,"[48800,54900)",0,,0,,
1003,2351476,2351470,142-12,"[67100,73200)",0,12279616.0,0,,
1004,2351005,2350995,100-10,"[54900,61000)",0,,0,,
1005,2351783,2351777,221-7,"[30500,36600)",0,18389855.0,0,,
1006,2351784,2351777,221-6,"[36600,42700)",0,18389855.0,0,,
1007,2351466,2351463,141-9,"[48800,54900)",0,,0,,
1008,2351467,2351463,141-10,"[54900,61000)",0,,0,,
1009,2351473,2351470,142-9,"[48800,54900)",0,12280676.0,0,,
1010,2351471,2351470,142-7,"[36600,42700)",0,14553899.0,0,,
1011,2351472,2351470,142-8,"[42700,48800)",0,14553899.0,0,,
1012,2351468,2351463,141-11,"[61000,67100)",0,,0,,
1013,2351785,2351777,221-5,"[42700,48800)",0,18389855.0,0,,
1014,2351791,2351790,222-12,"[0,6100)",0,14606561.0,0,,
1015,2351792,2351790,222-11,"[6100,12200)",0,14606561.0,0,,
1016,2351480,2351477,143-11,"[61000,67100)",0,,0,,
1017,2351481,2351477,143-12,"[67100,73200)",0,,0,,
1018,2351788,2351777,221-2,"[61000,67100)",0,18389855.0,0,,
1019,2351454,2351453,140-5,"[24400,30500)",0,,0,,
1020,2351456,2351453,140-6,"[30500,36600)",0,,0,,
1021,2351457,2351453,140-7,"[36600,42700)",0,,0,,
1022,2351458,2351453,140-8,"[42700,48800)",0,,0,,
1023,2351459,2351453,140-9,"[48800,54900)",0,,0,,
1024,2351460,2351453,140-10,"[54900,61000)",0,,0,,
1025,2351461,2351453,140-11,"[61000,67100)",0,,0,,
1026,2351462,2351453,140-12,"[67100,73200)",0,,0,,
1027,2351793,2351790,222-10,"[12200,18300)",0,14606561.0,0,,
1028,2351794,2351790,222-9,"[18300,24400)",0,14606561.0,0,,
1029,2351795,2351790,222-8,"[24400,30500)",0,14606561.0,0,,
1030,2351796,2351790,222-7,"[30500,36600)",0,14606561.0,0,,
1031,2351797,2351790,222-6,"[36600,42700)",0,14606561.0,0,,
1032,2351818,2351817,224-12,"[0,6100)",0,12907206.0,0,,
1033,2351819,2351817,224-11,"[6100,12200)",0,12907206.0,0,,
1034,2351820,2351817,224-10,"[12200,18300)",0,12907206.0,0,,
1035,2351789,2351777,221-1,"[67100,73200)",0,18389855.0,0,,
1036,2350996,2350995,100-1,"[0,6100)",0,,0,,
1037,2350997,2350995,100-2,"[6100,12200)",0,,0,,
1038,2351000,2350995,100-5,"[24400,30500)",0,,0,,
1039,2351001,2350995,100-6,"[30500,36600)",0,,0,,
1040,2351445,2351444,139-5,"[24400,30500)",0,16802733.0,0,,
1041,2351446,2351444,139-6,"[30500,36600)",0,16802733.0,0,,
1042,2351447,2351444,139-7,"[36600,42700)",0,16802733.0,0,,
1043,2351821,2351817,224-9,"[18300,24400)",0,12907206.0,0,,
1044,2351822,2351817,224-8,"[24400,30500)",0,12907206.0,0,,
1045,2351823,2351817,224-7,"[30500,36600)",0,12907206.0,0,,
1046,2351824,2351817,224-6,"[36600,42700)",0,12907206.0,0,,
1047,2351825,2351817,224-5,"[42700,48800)",0,12907206.0,0,,
1048,2351826,2351817,224-4,"[48800,54900)",0,12907206.0,0,,
1049,2351829,2351817,224-1,"[67100,73200)",0,12907206.0,0,,
1050,2351439,2351435,138-8,"[42700,48800)",0,17504364.0,0,,
1051,2351440,2351435,138-9,"[48800,54900)",0,17504364.0,0,,
1052,2351479,2351477,143-10,"[54900,61000)",0,,0,,
1053,2351441,2351435,138-10,"[54900,61000)",0,17504364.0,0,,
1054,2351442,2351435,138-11,"[61000,67100)",0,17504364.0,0,,
1055,2351443,2351435,138-12,"[67100,73200)",0,17504364.0,0,,
1056,2351575,2351566,205-4,"[48800,54900)",0,,0,,
1057,2351576,2351566,205-3,"[54900,61000)",0,,0,,
1058,2351868,2351865,229-10,"[12200,18300)",0,12711028.0,0,,
1059,2351869,2351865,229-9,"[18300,24400)",0,12711028.0,0,,
1060,2351870,2351865,229-8,"[24400,30500)",0,12711028.0,0,,
1061,2351871,2351865,229-7,"[30500,36600)",0,12711028.0,0,,
1062,2351885,2351876,230-4,"[48800,54900)",0,,0,,
1063,2351075,2351074,106-1,"[0,6100)",0,16549965.0,0,,
1064,2351070,2351061,105-9,"[48800,54900)",0,15430882.0,0,,
1065,2351092,2351087,107-5,"[24400,30500)",0,15544245.0,0,,
1066,2351064,2351061,105-3,"[12200,18300)",0,,0,,
1067,2351066,2351061,105-5,"[24400,30500)",0,,0,,
1068,2351068,2351061,105-7,"[36600,42700)",0,,0,,
1069,2351077,2351074,106-3,"[12200,18300)",0,16549965.0,0,,
1070,2351072,2351061,105-11,"[61000,67100)",0,,0,,
1071,2351079,2351074,106-5,"[24400,30500)",0,16549965.0,0,,
1072,2351081,2351074,106-7,"[36600,42700)",0,16549965.0,0,,
1073,2351083,2351074,106-9,"[48800,54900)",0,16549965.0,0,,
1074,2351088,2351087,107-1,"[0,6100)",0,14553739.0,0,,
1075,2351090,2351087,107-3,"[12200,18300)",0,14553739.0,0,,
1076,2351094,2351087,107-7,"[36600,42700)",0,14553739.0,0,,
1077,2351096,2351087,107-9,"[48800,54900)",0,14553739.0,0,,
1078,2351098,2351087,107-11,"[61000,67100)",0,14553739.0,0,,
1079,2351085,2351074,106-11,"[61000,67100)",0,16550228.0,0,,
1080,2351057,2351048,104-9,"[48800,54900)",0,16557391.0,0,,
1081,2351059,2351048,104-11,"[61000,67100)",0,16557391.0,0,,
1082,2351449,2351444,139-9,"[48800,54900)",0,16802733.0,0,,
1083,2351450,2351444,139-10,"[54900,61000)",0,16802733.0,0,,
1084,2351451,2351444,139-11,"[61000,67100)",0,16802733.0,0,,
1085,2351116,2351114,109-2,"[6100,12200)",0,,0,,
1086,2351452,2351444,139-12,"[67100,73200)",0,16802733.0,0,,
1087,2351118,2351114,109-4,"[18300,24400)",0,,0,,
1088,2351120,2351114,109-6,"[30500,36600)",0,,0,,
1089,2351122,2351114,109-8,"[42700,48800)",0,,0,,
1090,2351124,2351114,109-10,"[54900,61000)",0,,0,,
1091,2351126,2351114,109-12,"[67100,73200)",0,,0,,
1092,2350930,2350929,715-1,"[0,6100)",0,18375490.0,0,,
1093,2351062,2351061,105-1,"[0,6100)",0,,0,,
1094,2350931,2350929,715-2,"[6100,12200)",0,18375490.0,0,,
1095,2350932,2350929,715-3,"[12200,18300)",0,18375490.0,0,,
1096,2350933,2350929,715-4,"[18300,24400)",0,18375490.0,0,,
1097,2350936,2350929,715-7,"[36600,42700)",0,18375490.0,0,,
1098,2351501,2351500,200-12,"[0,6100)",0,16904675.0,0,,
1099,2351502,2351500,200-11,"[6100,12200)",0,16904675.0,0,,
1100,2351503,2351500,200-10,"[12200,18300)",0,16904675.0,0,,
1101,2351115,2351114,109-1,"[0,6100)",0,,0,,
1102,2351117,2351114,109-3,"[12200,18300)",0,,0,,
1103,2351119,2351114,109-5,"[24400,30500)",0,,0,,
1104,2351121,2351114,109-7,"[36600,42700)",0,,0,,
1105,2351123,2351114,109-9,"[48800,54900)",0,,0,,
1106,2351125,2351114,109-11,"[61000,67100)",0,,0,,
1107,2351504,2351500,200-9,"[18300,24400)",0,16904675.0,0,,
1108,2351505,2351500,200-8,"[24400,30500)",0,16904675.0,0,,
1109,2351506,2351500,200-7,"[30500,36600)",0,16904675.0,0,,
1110,2351507,2351500,200-6,"[36600,42700)",0,16904675.0,0,,
1111,2351508,2351500,200-5,"[42700,48800)",0,16904675.0,0,,
1112,2351509,2351500,200-4,"[48800,54900)",0,16904675.0,0,,
1113,2351510,2351500,200-3,"[54900,61000)",0,16904675.0,0,,
1114,2351512,2351500,200-1,"[67100,73200)",0,16904675.0,0,,
1115,2351511,2351500,200-2,"[61000,67100)",0,16905246.0,0,,
1116,2351233,2351232,118-1,"[0,6100)",0,,0,,
1117,2351235,2351232,118-3,"[12200,18300)",0,,0,,
1118,2351237,2351232,118-5,"[24400,30500)",0,,0,,
1119,2351101,2351100,108-1,"[0,6100)",0,,0,,
1120,2351102,2351100,108-2,"[6100,12200)",0,,0,,
1121,2351103,2351100,108-3,"[12200,18300)",0,,0,,
1122,2351104,2351100,108-4,"[18300,24400)",0,,0,,
1123,2351105,2351100,108-5,"[24400,30500)",0,,0,,
1124,2351106,2351100,108-6,"[30500,36600)",0,,0,,
1125,2351108,2351100,108-7,"[36600,42700)",0,,0,,
1126,2351109,2351100,108-8,"[42700,48800)",0,,0,,
1127,2351110,2351100,108-9,"[48800,54900)",0,,0,,
1128,2351111,2351100,108-10,"[54900,61000)",0,,0,,
1129,2351112,2351100,108-11,"[61000,67100)",0,,0,,
1130,2351113,2351100,108-12,"[67100,73200)",0,,0,,
1131,2351239,2351232,118-7,"[36600,42700)",0,,0,,
1132,2351241,2351232,118-9,"[48800,54900)",0,,0,,
1133,2351243,2351232,118-11,"[61000,67100)",0,,0,,
1134,2350900,2350896,711-3,"[12200,18300)",0,18313050.0,0,,
1135,2350901,2350896,711-4,"[18300,24400)",0,18313050.0,0,,
1136,2350902,2350896,711-5,"[24400,30500)",0,18313050.0,0,,
1137,2350903,2350896,711-6,"[30500,36600)",0,18313050.0,0,,
1138,2350904,2350896,711-7,"[36600,42700)",0,18313050.0,0,,
1139,2350914,2350913,713-1,"[0,6100)",0,18313050.0,0,,
1140,2350916,2350913,713-3,"[12200,18300)",0,18313050.0,0,,
1141,2350917,2350913,713-4,"[18300,24400)",0,18313050.0,0,,
1142,2350918,2350913,713-5,"[24400,30500)",0,18313050.0,0,,
1143,2350919,2350913,713-6,"[30500,36600)",0,18313050.0,0,,
1144,2351009,2351008,101-1,"[0,6100)",0,,0,,
1145,2351010,2351008,101-2,"[6100,12200)",0,,0,,
1146,2351011,2351008,101-3,"[12200,18300)",0,,0,,
1147,2351012,2351008,101-4,"[18300,24400)",0,,0,,
1148,2351013,2351008,101-5,"[24400,30500)",0,,0,,
1149,2351014,2351008,101-6,"[30500,36600)",0,,0,,
1150,2351015,2351008,101-7,"[36600,42700)",0,,0,,
1151,2351016,2351008,101-8,"[42700,48800)",0,,0,,
1152,2351017,2351008,101-9,"[48800,54900)",0,,0,,
1153,2351018,2351008,101-10,"[54900,61000)",0,,0,,
1154,2351019,2351008,101-11,"[61000,67100)",0,,0,,
1155,2351020,2351008,101-12,"[67100,73200)",0,,0,,
1156,2351610,2351606,208-9,"[18300,24400)",0,18366503.0,0,,
1157,2351611,2351606,208-8,"[24400,30500)",0,18366503.0,0,,
1158,2351128,2351127,110-1,"[0,6100)",0,16950725.0,0,,
1159,2351129,2351127,110-2,"[6100,12200)",0,16950725.0,0,,
1160,2351130,2351127,110-3,"[12200,18300)",0,16950725.0,0,,
1161,2351131,2351127,110-4,"[18300,24400)",0,16950725.0,0,,
1162,2351132,2351127,110-5,"[24400,30500)",0,16950725.0,0,,
1163,2351133,2351127,110-6,"[30500,36600)",0,16950725.0,0,,
1164,2351134,2351127,110-7,"[36600,42700)",0,16950725.0,0,,
1165,2351135,2351127,110-8,"[42700,48800)",0,16950725.0,0,,
1166,2351136,2351127,110-9,"[48800,54900)",0,16950725.0,0,,
1167,2351137,2351127,110-10,"[54900,61000)",0,16950725.0,0,,
1168,2351138,2351127,110-11,"[61000,67100)",0,16950725.0,0,,
1169,2351139,2351127,110-12,"[67100,73200)",0,16950725.0,0,,
1170,2351580,2351579,206-12,"[0,6100)",0,17029813.0,0,,
1171,2351581,2351579,206-11,"[6100,12200)",0,17029813.0,0,,
1172,2351582,2351579,206-10,"[12200,18300)",0,17029813.0,0,,
1173,2351583,2351579,206-9,"[18300,24400)",0,17029813.0,0,,
1174,2351584,2351579,206-8,"[24400,30500)",0,17029813.0,0,,
1175,2351585,2351579,206-7,"[30500,36600)",0,17029813.0,0,,
1176,2351586,2351579,206-6,"[36600,42700)",0,17029813.0,0,,
1177,2351587,2351579,206-5,"[42700,48800)",0,17029813.0,0,,
1178,2351588,2351579,206-4,"[48800,54900)",0,17029813.0,0,,
1179,2351589,2351579,206-3,"[54900,61000)",0,17029813.0,0,,
1180,2351590,2351579,206-2,"[61000,67100)",0,17029813.0,0,,
1181,2351591,2351579,206-1,"[67100,73200)",0,17029813.0,0,,
1182,2351354,2351353,129-5,"[24400,30500)",0,17060615.0,0,,
1183,2351612,2351606,208-7,"[30500,36600)",0,18366503.0,0,,
1184,2351613,2351606,208-6,"[36600,42700)",0,18366503.0,0,,
1185,2351614,2351606,208-5,"[42700,48800)",0,18366503.0,0,,
1186,2351615,2351606,208-4,"[48800,54900)",0,18366503.0,0,,
1187,2351616,2351606,208-3,"[54900,61000)",0,18366503.0,0,,
1188,2351617,2351606,208-2,"[61000,67100)",0,18366503.0,0,,
1189,2350985,2350982,99-3,"[12200,18300)",0,17072486.0,0,,
1190,2350986,2350982,99-4,"[18300,24400)",0,17072486.0,0,,
1191,2350987,2350982,99-5,"[24400,30500)",0,17072486.0,0,,
1192,2350988,2350982,99-6,"[30500,36600)",0,17072486.0,0,,
1193,2351560,2351553,204-6,"[36600,42700)",0,17487479.0,0,,
1194,2351562,2351553,204-4,"[48800,54900)",0,17487479.0,0,,
1195,2351564,2351553,204-2,"[61000,67100)",0,17487479.0,0,,
1196,2352126,2352125,A,"[0,5000)",0,,0,,
1197,2351618,2351606,208-1,"[67100,73200)",0,18366503.0,0,,
